Married,Education,CoapplicantIncome,LoanAmount,Credit_History
0.7288155252362812,-0.5283622494715786,1.3693364576440608,2.0077388922518464,0.45164045066608577
0.7288155252362812,-0.5283622494715786,-0.20221381878748168,-0.5527296882240365,0.45164045066608577
-1.3720893221584447,-0.5283622494715786,-0.5544873301529852,-0.7909128119892349,0.45164045066608577
0.7288155252362812,-0.5283622494715786,-0.5544873301529852,-0.8742769053070543,0.45164045066608577
-1.3720893221584447,-0.5283622494715786,0.4664218265713139,-0.17163669019971897,3.1775482891056816e-16
-1.3720893221584447,-0.5283622494715786,0.006414183089175776,0.0,0.45164045066608577
-1.3720893221584447,-0.5283622494715786,-0.5544873301529852,-0.2907282520823182,0.45164045066608577
0.7288155252362812,-0.5283622494715786,0.052243940878474296,0.4833669001545767,0.45164045066608577
0.7288155252362812,-0.5283622494715786,0.015648537270601597,-0.3860015015883976,0.45164045066608577
0.7288155252362812,-0.5283622494715786,-0.5544873301529852,0.06654643356547943,-2.410440607487535
-1.3720893221584447,-0.5283622494715786,-0.5544873301529852,0.20945630782459848,0.45164045066608577
0.7288155252362812,-0.5283622494715786,-0.5544873301529852,1.352735301897551,0.45164045066608577
-1.3720893221584447,-0.5283622494715786,-0.5544873301529852,3.9727496633147332,0.45164045066608577
0.7288155252362812,-0.5283622494715786,-0.5544873301529852,-0.612275469165336,0.45164045066608577
-1.3720893221584447,-0.5283622494715786,0.40007128171218026,-0.028726815940599934,0.45164045066608577
-1.3720893221584447,-0.5283622494715786,1.1771250854232715,-0.9457318424366138,3.1775482891056816e-16
-1.3720893221584447,-0.5283622494715786,-0.5544873301529852,-1.3863706214022309,0.45164045066608577
0.7288155252362812,-0.5283622494715786,0.032749193162130895,-0.3621831892118777,0.45164045066608577
0.7288155252362812,1.8926408936295354,0.026934970159010935,-0.469365594906217,0.45164045066608577
0.7288155252362812,1.8926408936295354,-0.5544873301529852,-0.779003655800975,0.45164045066608577
0.7288155252362812,1.8926408936295354,-0.12526086727559982,-0.2550007835175384,-2.410440607487535
-1.3720893221584447,-0.5283622494715786,-0.5544873301529852,0.0,0.45164045066608577
0.7288155252362812,-0.5283622494715786,-0.1235508016864469,0.280911244954158,0.45164045066608577
0.7288155252362812,-0.5283622494715786,-0.5544873301529852,-0.4098198139649174,0.45164045066608577
-1.3720893221584447,-0.5283622494715786,-0.5544873301529852,-0.1240000654466793,0.45164045066608577
0.7288155252362812,-0.5283622494715786,-0.5544873301529852,0.1618196830715588,3.1775482891056816e-16
0.7288155252362812,-0.5283622494715786,0.2013616602526098,-0.1240000654466793,-2.410440607487535
0.7288155252362812,-0.5283622494715786,-0.5544873301529852,0.10227390213025919,0.45164045066608577
-1.3720893221584447,-0.5283622494715786,-0.5544873301529852,0.25709293257763816,0.45164045066608577
0.7288155252362812,-0.5283622494715786,0.27215837564354106,-0.1240000654466793,0.45164045066608577
0.7288155252362812,-0.5283622494715786,-0.5544873301529852,0.6977317115432552,0.45164045066608577
0.7288155252362812,-0.5283622494715786,1.0129587888645903,1.340826145709291,3.1775482891056816e-16
-1.3720893221584447,1.8926408936295354,-0.5544873301529852,-0.15972753401145906,0.45164045066608577
0.7288155252362812,-0.5283622494715786,-0.5544873301529852,1.043097241002793,0.45164045066608577
0.7288155252362812,1.8926408936295354,-0.5544873301529852,-0.11209090925841939,0.45164045066608577
0.7288155252362812,-0.5283622494715786,-0.5544873301529852,0.0,0.45164045066608577
0.7288155252362812,-0.5283622494715786,-0.5544873301529852,5.401848405905923,0.45164045066608577
0.7288155252362812,-0.5283622494715786,0.11722643326628564,-0.3621831892118777,0.45164045066608577
-1.3720893221584447,-0.5283622494715786,-0.5544873301529852,-0.3383648768353579,-2.410440607487535
0.7288155252362812,-0.5283622494715786,0.7622631734947707,0.1618196830715588,-2.410440607487535
0.7288155252362812,-0.5283622494715786,-0.03257531234351103,0.25709293257763816,0.45164045066608577
-1.3720893221584447,-0.5283622494715786,0.07857895095142942,-1.1481874976370325,0.45164045066608577
-1.3720893221584447,-0.5283622494715786,-0.5544873301529852,-0.4098198139649174,3.1775482891056816e-16
0.7288155252362812,-0.5283622494715786,-0.0674606503622308,-0.5527296882240365,0.45164045066608577
0.7288155252362812,1.8926408936295354,-0.07190682089402842,0.12609221450677904,0.45164045066608577
-1.3720893221584447,-0.5283622494715786,-0.5544873301529852,-0.779003655800975,0.45164045066608577
0.7288155252362812,-0.5283622494715786,-0.12697093286475275,-0.21927331495275867,-2.410440607487535
0.7288155252362812,-0.5283622494715786,1.3265848179152375,0.8287324296141143,3.1775482891056816e-16
-1.3720893221584447,1.8926408936295354,-0.5544873301529852,-0.612275469165336,0.45164045066608577
0.7288155252362812,-0.5283622494715786,0.13090695797950908,1.2336437400149516,0.45164045066608577
0.7288155252362812,-0.5283622494715786,0.30191351689480206,0.13800137069503896,-2.410440607487535
0.7288155252362812,-0.5283622494715786,-0.5544873301529852,1.8291015494279477,0.45164045066608577
0.7288155252362812,-0.5283622494715786,-0.08011513572196248,0.04272812118895959,0.45164045066608577
0.7288155252362812,-0.5283622494715786,-0.5544873301529852,-1.1481874976370325,0.45164045066608577
0.7288155252362812,-0.5283622494715786,3.196712546212882,2.4126502026526837,0.45164045066608577
0.7288155252362812,-0.5283622494715786,0.06489842623820598,0.1618196830715588,-2.410440607487535
-1.3720893221584447,-0.5283622494715786,-0.5544873301529852,-0.3383648768353579,0.45164045066608577
0.7288155252362812,-0.5283622494715786,-0.5544873301529852,-0.9576409986248737,0.45164045066608577
0.7288155252362812,-0.5283622494715786,0.07242271483047887,0.42382111921327703,0.45164045066608577
0.7288155252362812,-0.5283622494715786,-0.5544873301529852,-0.9100043738718341,0.45164045066608577
0.7288155252362812,-0.5283622494715786,-0.5544873301529852,-0.5527296882240365,0.45164045066608577
-1.3720893221584447,-0.5283622494715786,0.08268310836539645,-0.5050930634709968,-2.410440607487535
0.7288155252362812,-0.5283622494715786,0.052585953996304884,-0.1835458463879789,0.45164045066608577
0.7288155252362812,-0.5283622494715786,0.8706813318470665,0.3404570258954576,0.45164045066608577
0.7288155252362812,-0.5283622494715786,-0.5544873301529852,-0.19545500257623882,0.45164045066608577
0.7288155252362812,-0.5283622494715786,-0.3817707056485393,-0.19545500257623882,0.45164045066608577
0.7288155252362812,1.8926408936295354,-0.21247421232239924,0.4833669001545767,0.45164045066608577
0.7288155252362812,-0.5283622494715786,1.7257141264235314,3.9727496633147332,3.1775482891056816e-16
-1.3720893221584447,-0.5283622494715786,0.6993327598139429,1.960102267498807,0.45164045066608577
-1.3720893221584447,-0.5283622494715786,1.0700749795422981,0.3523661820837175,0.45164045066608577
0.7288155252362812,1.8926408936295354,0.18699710930372518,-0.2430916273292785,0.45164045066608577
-1.3720893221584447,-0.5283622494715786,-0.5544873301529852,3.079562949195239,0.45164045066608577
-1.3720893221584447,-0.5283622494715786,0.48967871858379375,-0.6837304062948956,0.45164045066608577
0.7288155252362812,1.8926408936295354,1.8741478195620058,1.5790092694744893,0.45164045066608577
-1.3720893221584447,-0.5283622494715786,-0.5544873301529852,-0.612275469165336,0.45164045066608577
0.7288155252362812,-0.5283622494715786,-0.5544873301529852,0.0,0.45164045066608577
0.7288155252362812,1.8926408936295354,-0.06540857165524729,0.17372883925981872,-2.410440607487535
0.7288155252362812,-0.5283622494715786,0.061136281942069534,-0.1359092216349392,0.45164045066608577
-1.3720893221584447,-0.5283622494715786,0.22359251291159787,-0.028726815940599934,0.45164045066608577
0.7288155252362812,-0.5283622494715786,-0.5544873301529852,-0.028726815940599934,0.45164045066608577
0.7288155252362812,-0.5283622494715786,0.06216232129556129,-0.6003663129770761,0.45164045066608577
0.7288155252362812,-0.5283622494715786,0.216068224319325,-0.2907282520823182,0.45164045066608577
0.7288155252362812,-0.5283622494715786,-0.5544873301529852,0.6381859306019556,0.45164045066608577
-1.3720893221584447,-0.5283622494715786,-0.5544873301529852,-1.076732560507473,0.45164045066608577
0.7288155252362812,1.8926408936295354,-0.04728187641022622,-0.26690993970579835,0.45164045066608577
-1.3720893221584447,-0.5283622494715786,-0.5544873301529852,-0.779003655800975,0.45164045066608577
-1.3720893221584447,-0.5283622494715786,-0.0209468663372711,-0.6718212501066356,0.45164045066608577
0.7288155252362812,-0.5283622494715786,-0.5544873301529852,1.352735301897551,0.45164045066608577
0.7288155252362812,-0.5283622494715786,-0.5544873301529852,3.02001716825394,0.45164045066608577
0.7288155252362812,-0.5283622494715786,-0.5544873301529852,-0.3621831892118777,0.45164045066608577
0.7288155252362812,-0.5283622494715786,-0.5544873301529852,-0.49318390728273687,-2.410440607487535
-1.3720893221584447,-0.5283622494715786,-0.5544873301529852,0.0,3.1775482891056816e-16
0.7288155252362812,-0.5283622494715786,-0.24222935357366024,-0.49318390728273687,0.45164045066608577
-1.3720893221584447,-0.5283622494715786,0.15929404675944772,0.0,0.45164045066608577
0.7288155252362812,-0.5283622494715786,-0.07566896519016486,-0.39791065777665746,0.45164045066608577
0.7288155252362812,-0.5283622494715786,-0.5544873301529852,2.543650920723543,-2.410440607487535
0.7288155252362812,1.8926408936295354,0.09909973802126458,-0.3621831892118777,-2.410440607487535
0.7288155252362812,-0.5283622494715786,0.4185399900750319,-0.07636344069363962,0.45164045066608577
0.7288155252362812,-0.5283622494715786,-0.4724041818736446,1.2693712085797315,0.45164045066608577
0.7288155252362812,-0.5283622494715786,1.3689944445262303,0.733459180108035,0.45164045066608577
0.7288155252362812,-0.5283622494715786,-0.07635299142582604,-0.7313670310479352,3.1775482891056816e-16
0.7288155252362812,-0.5283622494715786,-0.5544873301529852,0.0,0.45164045066608577
0.7288155252362812,-0.5283622494715786,0.30054546442347974,-0.2788190958940583,-2.410440607487535
0.7288155252362812,-0.5283622494715786,-0.5544873301529852,-0.3383648768353579,0.45164045066608577
-1.3720893221584447,-0.5283622494715786,-0.5544873301529852,-0.21927331495275867,0.45164045066608577
-1.3720893221584447,-0.5283622494715786,-0.5544873301529852,-0.6003663129770761,0.45164045066608577
0.7288155252362812,-0.5283622494715786,1.0187730118677103,0.3523661820837175,0.45164045066608577
0.7288155252362812,-0.5283622494715786,0.1866550961858946,-0.37409234540013764,0.45164045066608577
-1.3720893221584447,-0.5283622494715786,-0.5544873301529852,-0.9100043738718341,0.45164045066608577
0.7288155252362812,-0.5283622494715786,0.23419491956434604,0.42382111921327703,0.45164045066608577
0.7288155252362812,-0.5283622494715786,-0.5544873301529852,0.4000028068367572,0.45164045066608577
-1.3720893221584447,-0.5283622494715786,-0.5544873301529852,-1.6364629013556893,0.45164045066608577
0.7288155252362812,1.8926408936295354,-0.01171251215584528,0.31663871351893774,0.45164045066608577
-1.3720893221584447,-0.5283622494715786,0.2010196471347792,-0.14781837782319915,0.45164045066608577
0.7288155252362812,1.8926408936295354,-0.5544873301529852,-0.26690993970579835,0.45164045066608577
0.7288155252362812,-0.5283622494715786,0.44590103950147875,-0.39791065777665746,0.45164045066608577
0.7288155252362812,-0.5283622494715786,-0.5544873301529852,-0.028726815940599934,3.1775482891056816e-16
0.7288155252362812,-0.5283622494715786,0.6425585822540657,-0.37409234540013764,0.45164045066608577
-1.3720893221584447,1.8926408936295354,-0.05822629618080497,-0.5289113758475166,-2.410440607487535
0.7288155252362812,-0.5283622494715786,0.03343321939779207,-0.5527296882240365,0.45164045066608577
-1.3720893221584447,-0.5283622494715786,-0.5544873301529852,-0.2311824711410186,0.45164045066608577
0.7288155252362812,-0.5283622494715786,0.28378682164978103,-0.4336381263414372,0.45164045066608577
-1.3720893221584447,-0.5283622494715786,-0.5544873301529852,-0.5646388444122964,-2.410440607487535
0.7288155252362812,-0.5283622494715786,0.6425585822540657,-0.6956395624831555,0.45164045066608577
-1.3720893221584447,1.8926408936295354,-0.027103102458221652,0.5190943687193564,3.1775482891056816e-16
0.7288155252362812,1.8926408936295354,-0.5544873301529852,-0.19545500257623882,0.45164045066608577
0.7288155252362812,-0.5283622494715786,0.04403562605054023,0.9954606162497532,0.45164045066608577
0.7288155252362812,-0.5283622494715786,0.32893255320341835,0.280911244954158,0.45164045066608577
-1.3720893221584447,-0.5283622494715786,0.4431649345588341,0.17372883925981872,0.45164045066608577
-1.3720893221584447,1.8926408936295354,-0.5544873301529852,-0.17163669019971897,0.45164045066608577
0.7288155252362812,-0.5283622494715786,0.16887041405870412,-0.31454656445883805,3.1775482891056816e-16
-1.3720893221584447,-0.5283622494715786,-0.5544873301529852,0.06654643356547943,0.45164045066608577
0.7288155252362812,-0.5283622494715786,0.18426100436108048,0.4476394315897969,0.45164045066608577
-1.3720893221584447,-0.5283622494715786,-0.5544873301529852,-0.4098198139649174,0.45164045066608577
0.7288155252362812,-0.5283622494715786,0.30054546442347974,0.31663871351893774,0.45164045066608577
0.7288155252362812,-0.5283622494715786,-0.5544873301529852,0.9716423038732334,0.45164045066608577
0.7288155252362812,-0.5283622494715786,0.2889170184172398,-0.6718212501066356,-2.410440607487535
-1.3720893221584447,-0.5283622494715786,-0.5544873301529852,-0.1240000654466793,0.45164045066608577
0.7288155252362812,-0.5283622494715786,-0.20768602867277106,0.04272812118895959,0.45164045066608577
0.7288155252362812,1.8926408936295354,-0.04146765340710626,-0.39791065777665746,-2.410440607487535
-1.3720893221584447,-0.5283622494715786,0.10525597414221513,-0.8623677491187944,0.45164045066608577
0.7288155252362812,-0.5283622494715786,0.24582336557058596,-0.04063597212885985,0.45164045066608577
-1.3720893221584447,-0.5283622494715786,-0.5544873301529852,-0.8980952176835741,0.45164045066608577
0.7288155252362812,1.8926408936295354,-0.5544873301529852,-0.39791065777665746,0.45164045066608577
0.7288155252362812,1.8926408936295354,0.5502150404398075,0.06654643356547943,-2.410440607487535
0.7288155252362812,-0.5283622494715786,1.725372113305701,-0.9100043738718341,0.45164045066608577
0.7288155252362812,-0.5283622494715786,-0.5544873301529852,-1.3149156842726715,0.45164045066608577
0.7288155252362812,-0.5283622494715786,1.0700749795422981,-0.31454656445883805,0.45164045066608577
0.7288155252362812,-0.5283622494715786,0.07584284600878473,-0.2788190958940583,0.45164045066608577
0.7288155252362812,1.8926408936295354,0.041299521107895545,-1.2077332785783321,0.45164045066608577
-1.3720893221584447,1.8926408936295354,-0.5544873301529852,-0.31454656445883805,0.45164045066608577
0.7288155252362812,-0.5283622494715786,-0.3889529811229816,-0.1359092216349392,3.1775482891056816e-16
0.7288155252362812,-0.5283622494715786,0.18323496500758873,-0.32645572064709794,-2.410440607487535
-1.3720893221584447,1.8926408936295354,-0.5544873301529852,0.0,-2.410440607487535
-1.3720893221584447,-0.5283622494715786,-0.5544873301529852,0.7572774924845548,0.45164045066608577
0.7288155252362812,-0.5283622494715786,0.7814159080932835,2.1149212979461858,0.45164045066608577
0.7288155252362812,-0.5283622494715786,2.2955079807292877,0.3404570258954576,3.1775482891056816e-16
-1.3720893221584447,-0.5283622494715786,-0.5544873301529852,0.1618196830715588,0.45164045066608577
0.7288155252362812,-0.5283622494715786,0.16989645341219586,-0.5050930634709968,0.45164045066608577
0.7288155252362812,-0.5283622494715786,-0.03394336481483337,-0.5050930634709968,0.45164045066608577
0.7288155252362812,-0.5283622494715786,0.14800761387103836,-0.5050930634709968,0.45164045066608577
0.7288155252362812,-0.5283622494715786,0.08439317395454939,-0.6718212501066356,0.45164045066608577
0.7288155252362812,-0.5283622494715786,-0.5544873301529852,-0.5646388444122964,0.45164045066608577
-1.3720893221584447,-0.5283622494715786,1.9114272494055395,0.4476394315897969,0.45164045066608577
0.7288155252362812,-0.5283622494715786,0.5286682140164806,0.2213654640128584,0.45164045066608577
0.7288155252362812,-0.5283622494715786,1.2465537483428806,5.044573720258126,0.45164045066608577
-1.3720893221584447,-0.5283622494715786,0.9558425981868824,0.745368336296295,-2.410440607487535
-1.3720893221584447,-0.5283622494715786,0.8706813318470665,1.924374798934027,0.45164045066608577
0.7288155252362812,-0.5283622494715786,0.4715520233387727,0.30472955733067786,0.45164045066608577
0.7288155252362812,-0.5283622494715786,-0.5544873301529852,-0.19545500257623882,3.1775482891056816e-16
0.7288155252362812,-0.5283622494715786,0.4086216096579449,-0.39791065777665746,3.1775482891056816e-16
0.7288155252362812,-0.5283622494715786,-0.5544873301529852,0.04272812118895959,0.45164045066608577
0.7288155252362812,-0.5283622494715786,-0.2966094393087234,0.1618196830715588,0.45164045066608577
-1.3720893221584447,-0.5283622494715786,-0.5544873301529852,0.6381859306019556,0.45164045066608577
0.7288155252362812,-0.5283622494715786,-0.10987027697322346,-0.4574564387179571,0.45164045066608577
0.7288155252362812,1.8926408936295354,0.4004132948300108,0.10227390213025919,0.45164045066608577
0.7288155252362812,-0.5283622494715786,-0.055490191238160284,-0.612275469165336,0.45164045066608577
0.7288155252362812,-0.5283622494715786,0.15792599428812537,-0.612275469165336,0.45164045066608577
-1.3720893221584447,1.8926408936295354,-0.5544873301529852,-1.1124600290722528,0.45164045066608577
-1.3720893221584447,1.8926408936295354,-0.5544873301529852,-0.4336381263414372,0.45164045066608577
0.7288155252362812,-0.5283622494715786,0.5854423915763578,-0.20736415876449873,0.45164045066608577
0.7288155252362812,-0.5283622494715786,0.9558425981868824,1.1502796466971321,0.45164045066608577
0.7288155252362812,-0.5283622494715786,-0.5544873301529852,0.5310035249076164,0.45164045066608577
0.7288155252362812,-0.5283622494715786,-0.4898468508830045,-0.26690993970579835,0.45164045066608577
-1.3720893221584447,1.8926408936295354,-0.5544873301529852,-1.3268248404609313,0.45164045066608577
0.7288155252362812,-0.5283622494715786,-0.5544873301529852,0.13800137069503896,0.45164045066608577
0.7288155252362812,-0.5283622494715786,-0.5544873301529852,0.6381859306019556,0.45164045066608577
-1.3720893221584447,1.8926408936295354,-0.5544873301529852,-0.37409234540013764,-2.410440607487535
0.7288155252362812,1.8926408936295354,-0.5544873301529852,-0.37409234540013764,0.45164045066608577
0.7288155252362812,-0.5283622494715786,-0.5544873301529852,-0.9457318424366138,0.45164045066608577
0.7288155252362812,-0.5283622494715786,-0.3968192828330851,-0.4574564387179571,0.45164045066608577
-1.3720893221584447,-0.5283622494715786,-0.5544873301529852,-0.5765480006005563,-2.410440607487535
0.7288155252362812,-0.5283622494715786,-0.10987027697322346,-0.7909128119892349,0.45164045066608577
-1.3720893221584447,-0.5283622494715786,-0.5544873301529852,-0.7909128119892349,0.45164045066608577
0.7288155252362812,-0.5283622494715786,-0.059594348652127316,0.13800137069503896,0.45164045066608577
0.7288155252362812,-0.5283622494715786,0.21504218496583322,0.4000028068367572,0.45164045066608577
0.7288155252362812,-0.5283622494715786,0.2424032343922801,-0.2550007835175384,0.45164045066608577
-1.3720893221584447,-0.5283622494715786,-0.5544873301529852,0.5429126810958763,-2.410440607487535
-1.3720893221584447,1.8926408936295354,0.3980192030051967,-0.6003663129770761,3.1775482891056816e-16
0.7288155252362812,-0.5283622494715786,1.8963786722209939,3.9727496633147332,0.45164045066608577
-1.3720893221584447,-0.5283622494715786,-0.5544873301529852,-0.2907282520823182,3.1775482891056816e-16
-1.3720893221584447,-0.5283622494715786,-0.5544873301529852,-0.5527296882240365,0.45164045066608577
0.7288155252362812,-0.5283622494715786,0.5228539910133606,-0.21927331495275867,0.45164045066608577
0.7288155252362812,-0.5283622494715786,-0.5544873301529852,1.186007115261912,0.45164045066608577
-1.3720893221584447,-0.5283622494715786,-0.5544873301529852,-0.49318390728273687,-2.410440607487535
-1.3720893221584447,1.8926408936295354,0.21641023743715557,-0.2430916273292785,-2.410440607487535
0.7288155252362812,1.8926408936295354,-0.2966094393087234,-0.624184625353596,0.45164045066608577
-1.3720893221584447,-0.5283622494715786,-0.5544873301529852,-0.9457318424366138,0.45164045066608577
0.7288155252362812,1.8926408936295354,-0.5544873301529852,0.4595485877780568,3.1775482891056816e-16
-1.3720893221584447,-0.5283622494715786,-0.5544873301529852,-0.39791065777665746,0.45164045066608577
0.7288155252362812,-0.5283622494715786,0.10115181672824809,-0.004908503564080093,-2.410440607487535
0.7288155252362812,-0.5283622494715786,0.21504218496583322,1.4122810828388506,3.1775482891056816e-16
0.7288155252362812,-0.5283622494715786,-0.5544873301529852,0.4833669001545767,0.45164045066608577
0.7288155252362812,-0.5283622494715786,0.2861809134745951,0.1618196830715588,0.45164045066608577
-1.3720893221584447,-0.5283622494715786,13.696173250494041,2.4245593588409435,3.1775482891056816e-16
0.7288155252362812,1.8926408936295354,0.30054546442347974,-0.6718212501066356,0.45164045066608577
0.7288155252362812,-0.5283622494715786,-0.05822629618080497,0.2213654640128584,-2.410440607487535
0.7288155252362812,-0.5283622494715786,0.5652636176243533,0.7215500239197751,0.45164045066608577
-1.3720893221584447,1.8926408936295354,0.27523649370401637,0.13800137069503896,-2.410440607487535
-1.3720893221584447,-0.5283622494715786,2.5167904679656767,-0.11209090925841939,-2.410440607487535
0.7288155252362812,-0.5283622494715786,0.6138294803562965,-1.076732560507473,0.45164045066608577
0.7288155252362812,1.8926408936295354,0.8525546366020454,0.06654643356547943,-2.410440607487535
-1.3720893221584447,-0.5283622494715786,-0.5544873301529852,-0.6956395624831555,-2.410440607487535
-1.3720893221584447,-0.5283622494715786,-0.5544873301529852,0.0,0.45164045066608577
0.7288155252362812,-0.5283622494715786,-0.5544873301529852,-0.21927331495275867,0.45164045066608577
-1.3720893221584447,1.8926408936295354,-0.5544873301529852,-0.779003655800975,0.45164045066608577
0.7288155252362812,-0.5283622494715786,0.6767598940371243,0.8287324296141143,-2.410440607487535
0.7288155252362812,-0.5283622494715786,-0.2706164423535989,-0.2550007835175384,0.45164045066608577
0.7288155252362812,-0.5283622494715786,0.025224904569858004,0.7572774924845548,0.45164045066608577
0.7288155252362812,-0.5283622494715786,0.20888594884488268,-0.469365594906217,0.45164045066608577
0.7288155252362812,-0.5283622494715786,0.47599819387057035,0.49527605634283656,0.45164045066608577
0.7288155252362812,1.8926408936295354,-0.5544873301529852,-0.8623677491187944,0.45164045066608577
0.7288155252362812,-0.5283622494715786,0.3939150455912297,-0.4098198139649174,0.45164045066608577
-1.3720893221584447,1.8926408936295354,-0.5544873301529852,-1.0052776233779135,0.45164045066608577
0.7288155252362812,1.8926408936295354,0.015306524152771011,-0.5527296882240365,-2.410440607487535
0.7288155252362812,-0.5283622494715786,-0.5544873301529852,2.6627424826061423,0.45164045066608577
0.7288155252362812,-0.5283622494715786,-0.5544873301529852,-0.10018175307015946,0.45164045066608577
0.7288155252362812,-0.5283622494715786,-0.12697093286475275,-0.4336381263414372,0.45164045066608577
-1.3720893221584447,-0.5283622494715786,-0.5544873301529852,-1.088641716695733,0.45164045066608577
0.7288155252362812,-0.5283622494715786,0.11243824961665744,-0.4574564387179571,0.45164045066608577
0.7288155252362812,1.8926408936295354,-0.19845167449134524,-0.5765480006005563,0.45164045066608577
0.7288155252362812,-0.5283622494715786,-0.1406514575779762,-0.19545500257623882,0.45164045066608577
-1.3720893221584447,-0.5283622494715786,-0.5544873301529852,0.04272812118895959,0.45164045066608577
0.7288155252362812,1.8926408936295354,0.7451625176032415,0.0,0.45164045066608577
-1.3720893221584447,-0.5283622494715786,-0.5544873301529852,-0.19545500257623882,-2.410440607487535
0.7288155252362812,1.8926408936295354,0.3087537792514138,-0.21927331495275867,0.45164045066608577
0.7288155252362812,-0.5283622494715786,-0.5544873301529852,4.091841225197332,0.45164045066608577
0.7288155252362812,-0.5283622494715786,-0.09960988343830587,-0.5527296882240365,-2.410440607487535
0.7288155252362812,-0.5283622494715786,1.1555782589999446,-0.31454656445883805,0.45164045066608577
0.7288155252362812,-0.5283622494715786,1.5830946562881771,0.4833669001545767,0.45164045066608577
0.7288155252362812,1.8926408936295354,-0.05651623059165205,-1.0290959357544334,3.1775482891056816e-16
0.7288155252362812,1.8926408936295354,-0.4717201556379834,-0.4574564387179571,0.45164045066608577
0.7288155252362812,-0.5283622494715786,-0.5544873301529852,6.592764024731916,0.45164045066608577
0.7288155252362812,1.8926408936295354,0.7759436982079941,0.6500950867902155,-2.410440607487535
0.7288155252362812,-0.5283622494715786,0.6709456710340044,0.0,0.45164045066608577
0.7288155252362812,1.8926408936295354,-0.5544873301529852,0.8525507419906342,-2.410440607487535
0.7288155252362812,1.8926408936295354,-0.302765675429674,-0.7075487186714154,0.45164045066608577
-1.3720893221584447,1.8926408936295354,-0.5544873301529852,-0.31454656445883805,0.45164045066608577
0.7288155252362812,1.8926408936295354,-0.5544873301529852,-0.26690993970579835,3.1775482891056816e-16
0.7288155252362812,1.8926408936295354,0.01462249791710984,-0.9100043738718341,-2.410440607487535
0.7288155252362812,1.8926408936295354,0.12372468250506677,-0.07636344069363962,0.45164045066608577
0.7288155252362812,-0.5283622494715786,-0.5544873301529852,0.3404570258954576,0.45164045066608577
0.7288155252362812,-0.5283622494715786,-0.5544873301529852,1.6623733627923087,-2.410440607487535
-1.3720893221584447,-0.5283622494715786,0.0012839863217169861,-0.7432761872361952,3.1775482891056816e-16
0.7288155252362812,-0.5283622494715786,0.3576616551011876,0.4000028068367572,0.45164045066608577
-1.3720893221584447,-0.5283622494715786,0.3111478710762279,-0.1240000654466793,0.45164045066608577
0.7288155252362812,-0.5283622494715786,-0.5544873301529852,1.328916989521031,-2.410440607487535
-1.3720893221584447,-0.5283622494715786,-0.5544873301529852,-0.1240000654466793,-2.410440607487535
0.7288155252362812,-0.5283622494715786,-0.5544873301529852,1.352735301897551,0.45164045066608577
-1.3720893221584447,-0.5283622494715786,-0.5544873301529852,-0.2550007835175384,0.45164045066608577
0.7288155252362812,-0.5283622494715786,0.8805997122641535,1.4360993952153702,0.45164045066608577
0.7288155252362812,1.8926408936295354,0.13432708915781494,0.5667309934723961,0.45164045066608577
-1.3720893221584447,-0.5283622494715786,0.3822865995849898,-0.4336381263414372,0.45164045066608577
-1.3720893221584447,1.8926408936295354,-0.5544873301529852,-0.9100043738718341,0.45164045066608577
-1.3720893221584447,1.8926408936295354,0.015990550388432185,-0.4336381263414372,0.45164045066608577
0.7288155252362812,-0.5283622494715786,0.07584284600878473,0.14991052688329887,0.45164045066608577
0.7288155252362812,-0.5283622494715786,0.6220377951842305,-0.31454656445883805,-2.410440607487535
-1.3720893221584447,1.8926408936295354,-0.5544873301529852,-0.17163669019971897,0.45164045066608577
0.7288155252362812,1.8926408936295354,0.24342927374577186,0.41191196302501715,-2.410440607487535
-1.3720893221584447,1.8926408936295354,0.26805421822957404,-0.42172897015317734,0.45164045066608577
0.7288155252362812,-0.5283622494715786,-0.0062403022705559055,0.0,0.45164045066608577
0.7288155252362812,-0.5283622494715786,0.6565811200851197,-0.1835458463879789,0.45164045066608577
0.7288155252362812,-0.5283622494715786,1.925107774118763,0.4000028068367572,-2.410440607487535
0.7288155252362812,-0.5283622494715786,-0.5544873301529852,-0.4812747510944769,-2.410440607487535
-1.3720893221584447,-0.5283622494715786,-0.5544873301529852,-1.0290959357544334,0.45164045066608577
0.7288155252362812,1.8926408936295354,-0.5544873301529852,-0.612275469165336,-2.410440607487535
0.7288155252362812,-0.5283622494715786,-0.5544873301529852,-1.2434607471431118,0.45164045066608577
0.7288155252362812,1.8926408936295354,0.006414183089175776,-0.42172897015317734,0.45164045066608577
0.7288155252362812,-0.5283622494715786,0.04403562605054023,0.47145774396631673,0.45164045066608577
-1.3720893221584447,-0.5283622494715786,-0.5544873301529852,-0.6360937815418559,3.1775482891056816e-16
0.7288155252362812,1.8926408936295354,0.2663441526404211,-0.37409234540013764,0.45164045066608577
-1.3720893221584447,1.8926408936295354,-0.5544873301529852,-0.7909128119892349,-2.410440607487535
0.7288155252362812,1.8926408936295354,-0.06540857165524729,-0.20736415876449873,0.45164045066608577
0.7288155252362812,-0.5283622494715786,-0.5544873301529852,-0.4336381263414372,0.45164045066608577
-1.3720893221584447,-0.5283622494715786,0.061136281942069534,-0.5170022196592566,-2.410440607487535
-1.3720893221584447,-0.5283622494715786,-0.5544873301529852,-0.5765480006005563,0.45164045066608577
-1.3720893221584447,1.8926408936295354,0.33406274997087715,-0.31454656445883805,0.45164045066608577
0.7288155252362812,1.8926408936295354,0.25779382469465645,0.0,0.45164045066608577
-1.3720893221584447,-0.5283622494715786,-0.5544873301529852,-0.0644542845053797,0.45164045066608577
0.7288155252362812,-0.5283622494715786,0.4828384562271821,-0.612275469165336,3.1775482891056816e-16
0.7288155252362812,1.8926408936295354,-0.5544873301529852,0.1618196830715588,0.45164045066608577
-1.3720893221584447,-0.5283622494715786,-0.5544873301529852,-0.9100043738718341,0.45164045066608577
-1.3720893221584447,-0.5283622494715786,0.7280618617117122,0.4833669001545767,0.45164045066608577
-1.3720893221584447,1.8926408936295354,-0.5544873301529852,0.9359148353084537,0.45164045066608577
-1.3720893221584447,-0.5283622494715786,-0.5544873301529852,0.4595485877780568,0.45164045066608577
0.7288155252362812,-0.5283622494715786,-0.5544873301529852,-1.4459164023435305,0.45164045066608577
-1.3720893221584447,-0.5283622494715786,-0.5544873301529852,-0.37409234540013764,0.45164045066608577
0.7288155252362812,1.8926408936295354,0.061136281942069534,-0.2788190958940583,-2.410440607487535
-1.3720893221584447,-0.5283622494715786,-0.5544873301529852,-0.4336381263414372,-2.410440607487535
0.7288155252362812,-0.5283622494715786,-0.03873154846446157,-0.21927331495275867,0.45164045066608577
0.7288155252362812,-0.5283622494715786,-0.5544873301529852,-0.6003663129770761,0.45164045066608577
0.7288155252362812,-0.5283622494715786,-0.5544873301529852,0.1618196830715588,3.1775482891056816e-16
0.7288155252362812,-0.5283622494715786,3.3102609013326365,4.1513870061386315,-2.410440607487535
0.7288155252362812,-0.5283622494715786,0.35834568133684874,0.18563799544807863,0.45164045066608577
0.7288155252362812,-0.5283622494715786,0.1350111153934761,-0.4336381263414372,0.45164045066608577
0.7288155252362812,-0.5283622494715786,-0.0698547421870449,-0.10018175307015946,0.45164045066608577
0.7288155252362812,1.8926408936295354,-0.010686472802353523,0.0,0.45164045066608577
0.7288155252362812,-0.5283622494715786,-0.5544873301529852,-0.1359092216349392,0.45164045066608577
0.7288155252362812,1.8926408936295354,-0.5544873301529852,-0.6003663129770761,0.45164045066608577
0.7288155252362812,-0.5283622494715786,-0.3191823050855421,0.1618196830715588,0.45164045066608577
-1.3720893221584447,-0.5283622494715786,-0.5544873301529852,-1.0410050919426932,0.45164045066608577
0.7288155252362812,-0.5283622494715786,-0.5544873301529852,3.4487467910312968,0.45164045066608577
0.7288155252362812,-0.5283622494715786,-0.5544873301529852,0.280911244954158,0.45164045066608577
0.7288155252362812,-0.5283622494715786,0.4941248891155914,0.30472955733067786,0.45164045066608577
-1.3720893221584447,-0.5283622494715786,-0.5544873301529852,-0.39791065777665746,0.45164045066608577
-1.3720893221584447,-0.5283622494715786,-0.5544873301529852,-0.10018175307015946,0.45164045066608577
-1.3720893221584447,1.8926408936295354,-0.5544873301529852,-0.19545500257623882,0.45164045066608577
-1.3720893221584447,-0.5283622494715786,-0.5544873301529852,-0.26690993970579835,-2.410440607487535
-1.3720893221584447,-0.5283622494715786,-0.5544873301529852,0.11418305831851912,0.45164045066608577
0.7288155252362812,-0.5283622494715786,0.07550083289095415,-0.37409234540013764,0.45164045066608577
0.7288155252362812,1.8926408936295354,1.2588662205847816,-0.10018175307015946,3.1775482891056816e-16
0.7288155252362812,1.8926408936295354,0.00778223556049812,-0.5527296882240365,0.45164045066608577
-1.3720893221584447,-0.5283622494715786,-0.5544873301529852,-0.7432761872361952,0.45164045066608577
-1.3720893221584447,-0.5283622494715786,-0.5544873301529852,-1.1481874976370325,0.45164045066608577
-1.3720893221584447,-0.5283622494715786,-0.5544873301529852,5.99730621531892,3.1775482891056816e-16
-1.3720893221584447,-0.5283622494715786,-0.5544873301529852,-0.17163669019971897,0.45164045066608577
0.7288155252362812,-0.5283622494715786,2.096114333034056,1.7100099875453485,0.45164045066608577
-1.3720893221584447,-0.5283622494715786,-0.5544873301529852,-0.3621831892118777,-2.410440607487535
-1.3720893221584447,-0.5283622494715786,-0.5544873301529852,-0.07636344069363962,0.45164045066608577
0.7288155252362812,-0.5283622494715786,-0.5544873301529852,-1.0290959357544334,-2.410440607487535
0.7288155252362812,-0.5283622494715786,-0.5544873301529852,-0.8504585929305345,0.45164045066608577
-1.3720893221584447,-0.5283622494715786,-0.5544873301529852,-0.8980952176835741,-2.410440607487535
-1.3720893221584447,-0.5283622494715786,-0.5544873301529852,-0.5289113758475166,0.45164045066608577
0.7288155252362812,-0.5283622494715786,-0.5544873301529852,1.5313726447214497,0.45164045066608577
-1.3720893221584447,-0.5283622494715786,-0.5544873301529852,-0.7432761872361952,0.45164045066608577
0.7288155252362812,-0.5283622494715786,-0.055490191238160284,-0.028726815940599934,0.45164045066608577
-1.3720893221584447,1.8926408936295354,-0.5544873301529852,-0.9576409986248737,0.45164045066608577
-1.3720893221584447,-0.5283622494715786,-0.5544873301529852,-0.7551853434244551,0.45164045066608577
0.7288155252362812,1.8926408936295354,-0.19879368760917582,-0.4336381263414372,0.45164045066608577
0.7288155252362812,-0.5283622494715786,0.15792599428812537,0.1618196830715588,0.45164045066608577
-1.3720893221584447,-0.5283622494715786,-0.5544873301529852,-0.6360937815418559,3.1775482891056816e-16
0.7288155252362812,-0.5283622494715786,0.07481680665529297,-0.44554728252969716,0.45164045066608577
0.7288155252362812,-0.5283622494715786,-0.5544873301529852,1.5313726447214497,0.45164045066608577
-1.3720893221584447,1.8926408936295354,0.3111478710762279,-1.088641716695733,0.45164045066608577
0.7288155252362812,-0.5283622494715786,0.15655794181680302,0.18563799544807863,0.45164045066608577
0.7288155252362812,1.8926408936295354,-0.1676704938865925,0.47145774396631673,3.1775482891056816e-16
0.7288155252362812,-0.5283622494715786,0.015648537270601597,-0.4336381263414372,-2.410440607487535
0.7288155252362812,-0.5283622494715786,0.16374021729124533,1.8767381741809874,0.45164045066608577
0.7288155252362812,1.8926408936295354,0.05053387528932137,-0.612275469165336,0.45164045066608577
-1.3720893221584447,-0.5283622494715786,-0.5544873301529852,-0.8980952176835741,0.45164045066608577
0.7288155252362812,-0.5283622494715786,-0.5544873301529852,1.9720114236870667,0.45164045066608577
-1.3720893221584447,-0.5283622494715786,-0.5544873301529852,-0.6003663129770761,0.45164045066608577
0.7288155252362812,-0.5283622494715786,0.24342927374577186,-0.19545500257623882,0.45164045066608577
0.7288155252362812,-0.5283622494715786,0.24342927374577186,-0.08827259688189953,0.45164045066608577
0.7288155252362812,-0.5283622494715786,0.12953890550818672,-0.31454656445883805,0.45164045066608577
0.7288155252362812,-0.5283622494715786,-0.5544873301529852,-0.21927331495275867,0.45164045066608577
0.7288155252362812,-0.5283622494715786,-0.5544873301529852,-0.6003663129770761,0.45164045066608577
0.7288155252362812,-0.5283622494715786,-0.5544873301529852,1.5313726447214497,0.45164045066608577
0.7288155252362812,-0.5283622494715786,0.2328268670930237,-0.11209090925841939,0.45164045066608577
-1.3720893221584447,-0.5283622494715786,0.058742190117255434,-0.3502740330236178,0.45164045066608577
0.7288155252362812,-0.5283622494715786,0.9161690765185344,-0.3026374082705781,0.45164045066608577
0.7288155252362812,-0.5283622494715786,-0.0209468663372711,-0.14781837782319915,0.45164045066608577
0.7288155252362812,-0.5283622494715786,2.2178710029817448,0.6381859306019556,0.45164045066608577
0.7288155252362812,-0.5283622494715786,0.22632861785424258,0.09036474594199927,0.45164045066608577
0.7288155252362812,1.8926408936295354,0.5615014733282169,-0.15972753401145906,0.45164045066608577
-1.3720893221584447,-0.5283622494715786,-0.5544873301529852,-0.31454656445883805,0.45164045066608577
-1.3720893221584447,-0.5283622494715786,-0.5544873301529852,0.8049141172375945,0.45164045066608577
-1.3720893221584447,-0.5283622494715786,-0.5544873301529852,1.5909184256627493,0.45164045066608577
0.7288155252362812,-0.5283622494715786,1.0170629462785572,1.328916989521031,0.45164045066608577
0.7288155252362812,-0.5283622494715786,-0.1553580216446914,-0.5884571567888162,0.45164045066608577
0.7288155252362812,-0.5283622494715786,0.5741559586879486,-0.05254512831711978,0.45164045066608577
-1.3720893221584447,-0.5283622494715786,-0.5544873301529852,1.1621888028853922,0.45164045066608577
0.7288155252362812,1.8926408936295354,0.04403562605054023,-0.49318390728273687,0.45164045066608577
0.7288155252362812,-0.5283622494715786,0.743794465131919,-0.31454656445883805,0.45164045066608577
0.7288155252362812,-0.5283622494715786,0.4226441474889989,-0.42172897015317734,3.1775482891056816e-16
0.7288155252362812,-0.5283622494715786,-0.5544873301529852,1.1145521781323524,0.45164045066608577
0.7288155252362812,1.8926408936295354,0.4431649345588341,-0.5765480006005563,0.45164045066608577
-1.3720893221584447,-0.5283622494715786,-0.5544873301529852,-1.195824122390072,0.45164045066608577
0.7288155252362812,-0.5283622494715786,1.3693364576440608,0.4833669001545767,0.45164045066608577
0.7288155252362812,-0.5283622494715786,-0.5544873301529852,-0.4336381263414372,0.45164045066608577
-1.3720893221584447,1.8926408936295354,-0.007266341624047663,-0.17163669019971897,0.45164045066608577
0.7288155252362812,-0.5283622494715786,-0.213500251675891,-1.1481874976370325,0.45164045066608577
-1.3720893221584447,-0.5283622494715786,11.018210537880554,-0.6718212501066356,0.45164045066608577
0.7288155252362812,-0.5283622494715786,0.7280618617117122,0.06654643356547943,0.45164045066608577
0.7288155252362812,-0.5283622494715786,0.6996747729317736,1.0669155533793129,0.45164045066608577
0.7288155252362812,-0.5283622494715786,-0.5544873301529852,0.1618196830715588,0.45164045066608577
0.7288155252362812,-0.5283622494715786,-0.5544873301529852,-0.2311824711410186,-2.410440607487535
0.7288155252362812,-0.5283622494715786,0.15142774504934423,-0.5050930634709968,-2.410440607487535
0.7288155252362812,-0.5283622494715786,2.1381819465272183,2.7818340444887415,0.45164045066608577
-1.3720893221584447,-0.5283622494715786,-0.5544873301529852,0.3404570258954576,0.45164045066608577
-1.3720893221584447,-0.5283622494715786,-0.5544873301529852,1.7338282999218684,0.45164045066608577
-1.3720893221584447,-0.5283622494715786,0.6244318870090446,0.05463727737721951,0.45164045066608577
0.7288155252362812,1.8926408936295354,-0.5544873301529852,-0.2550007835175384,0.45164045066608577
0.7288155252362812,1.8926408936295354,0.12953890550818672,-0.5646388444122964,3.1775482891056816e-16
0.7288155252362812,-0.5283622494715786,-0.5544873301529852,-0.9576409986248737,-2.410440607487535
0.7288155252362812,-0.5283622494715786,-0.5544873301529852,-0.5527296882240365,0.45164045066608577
-1.3720893221584447,-0.5283622494715786,-0.5544873301529852,-0.9933684671896535,-2.410440607487535
-1.3720893221584447,-0.5283622494715786,0.032749193162130895,-0.5646388444122964,0.45164045066608577
-1.3720893221584447,-0.5283622494715786,-0.5544873301529852,-0.8385494367422746,0.45164045066608577
-1.3720893221584447,-0.5283622494715786,-0.055490191238160284,-0.4336381263414372,0.45164045066608577
-1.3720893221584447,-0.5283622494715786,-0.5544873301529852,-0.31454656445883805,0.45164045066608577
-1.3720893221584447,-0.5283622494715786,0.9274555094069438,-0.31454656445883805,0.45164045066608577
-1.3720893221584447,-0.5283622494715786,-0.13962541822448443,-1.1839149662018122,0.45164045066608577
0.7288155252362812,1.8926408936295354,-0.5544873301529852,-0.39791065777665746,0.45164045066608577
-1.3720893221584447,1.8926408936295354,0.1866550961858946,-0.5050930634709968,0.45164045066608577
-1.3720893221584447,-0.5283622494715786,0.7472145963102249,0.05463727737721951,0.45164045066608577
0.7288155252362812,-0.5283622494715786,-0.5544873301529852,-1.2672790595196317,0.45164045066608577
-1.3720893221584447,1.8926408936295354,-0.5544873301529852,-0.4336381263414372,0.45164045066608577
0.7288155252362812,-0.5283622494715786,-0.5544873301529852,1.2931895209562512,3.1775482891056816e-16
-1.3720893221584447,-0.5283622494715786,0.8929121845060546,1.781464924674908,0.45164045066608577
0.7288155252362812,-0.5283622494715786,-0.5544873301529852,5.401848405905923,-2.410440607487535
0.7288155252362812,-0.5283622494715786,0.9811515689063458,-0.9100043738718341,0.45164045066608577
-1.3720893221584447,1.8926408936295354,0.12714481368337263,0.018909808812439748,0.45164045066608577
0.7288155252362812,-0.5283622494715786,-0.5544873301529852,-0.4574564387179571,0.45164045066608577
0.7288155252362812,-0.5283622494715786,1.3693364576440608,1.2931895209562512,0.45164045066608577
0.7288155252362812,-0.5283622494715786,-0.5544873301529852,-0.4098198139649174,0.45164045066608577
0.7288155252362812,1.8926408936295354,-0.21828843532551923,-0.5527296882240365,0.45164045066608577
0.7288155252362812,1.8926408936295354,-0.5544873301529852,-0.31454656445883805,3.1775482891056816e-16
-1.3720893221584447,-0.5283622494715786,-0.5544873301529852,-0.7909128119892349,-2.410440607487535
-1.3720893221584447,-0.5283622494715786,-0.5544873301529852,0.23327462020111833,-2.410440607487535
0.7288155252362812,-0.5283622494715786,0.8419522299492973,0.1618196830715588,3.1775482891056816e-16
0.7288155252362812,-0.5283622494715786,-0.5544873301529852,-0.21927331495275867,0.45164045066608577
0.7288155252362812,-0.5283622494715786,1.256814141877798,0.25709293257763816,0.45164045066608577
0.7288155252362812,-0.5283622494715786,0.5857844046941885,0.30472955733067786,0.45164045066608577
0.7288155252362812,-0.5283622494715786,-0.169722572593576,0.0,0.45164045066608577
0.7288155252362812,1.8926408936295354,0.956184611304713,-0.2788190958940583,0.45164045066608577
0.7288155252362812,-0.5283622494715786,-0.0007680923852665297,-0.5408205320357765,0.45164045066608577
-1.3720893221584447,-0.5283622494715786,0.15792599428812537,-0.31454656445883805,0.45164045066608577
0.7288155252362812,-0.5283622494715786,-0.5544873301529852,-0.779003655800975,0.45164045066608577
0.7288155252362812,-0.5283622494715786,0.088839344486347,0.24518377638937824,0.45164045066608577
0.7288155252362812,-0.5283622494715786,0.2058078307844074,0.04272812118895959,0.45164045066608577
0.7288155252362812,-0.5283622494715786,6.285775026458735,1.1026430219440926,0.45164045066608577
0.7288155252362812,-0.5283622494715786,0.05395400646762723,-0.07636344069363962,0.45164045066608577
-1.3720893221584447,-0.5283622494715786,-0.5544873301529852,1.1383704905088723,-2.410440607487535
0.7288155252362812,-0.5283622494715786,-0.5544873301529852,0.10227390213025919,0.45164045066608577
0.7288155252362812,-0.5283622494715786,0.8135651411693586,0.4000028068367572,-2.410440607487535
0.7288155252362812,1.8926408936295354,-0.3711682989957912,-0.9576409986248737,0.45164045066608577
-1.3720893221584447,-0.5283622494715786,-0.5544873301529852,0.10227390213025919,0.45164045066608577
-1.3720893221584447,-0.5283622494715786,-0.5544873301529852,-0.21927331495275867,0.45164045066608577
0.7288155252362812,-0.5283622494715786,-0.5544873301529852,0.12609221450677904,0.45164045066608577
0.7288155252362812,-0.5283622494715786,0.003678078146531088,-0.39791065777665746,0.45164045066608577
-1.3720893221584447,1.8926408936295354,-0.5544873301529852,-0.2550007835175384,0.45164045066608577
0.7288155252362812,-0.5283622494715786,0.6179336377702636,0.04272812118895959,0.45164045066608577
0.7288155252362812,-0.5283622494715786,-0.5544873301529852,-0.8504585929305345,3.1775482891056816e-16
0.7288155252362812,-0.5283622494715786,0.1938373716603369,0.07845558975373935,0.45164045066608577
-1.3720893221584447,-0.5283622494715786,-0.5544873301529852,0.4833669001545767,0.45164045066608577
-1.3720893221584447,-0.5283622494715786,0.10046779049258692,0.4595485877780568,0.45164045066608577
-1.3720893221584447,1.8926408936295354,-0.5544873301529852,-1.0290959357544334,0.45164045066608577
0.7288155252362812,1.8926408936295354,0.14082533839659606,-0.4336381263414372,0.45164045066608577
0.7288155252362812,-0.5283622494715786,-0.5544873301529852,4.163296162326892,0.45164045066608577
0.7288155252362812,1.8926408936295354,0.18631308306806402,-0.19545500257623882,3.1775482891056816e-16
0.7288155252362812,-0.5283622494715786,-0.5544873301529852,0.5429126810958763,0.45164045066608577
0.7288155252362812,-0.5283622494715786,0.24445531309926363,-0.14781837782319915,0.45164045066608577
-1.3720893221584447,1.8926408936295354,-0.5544873301529852,-0.9695501548131337,0.45164045066608577
-1.3720893221584447,-0.5283622494715786,-0.5544873301529852,-1.2672790595196317,0.45164045066608577
0.7288155252362812,1.8926408936295354,-0.5544873301529852,-0.21927331495275867,3.1775482891056816e-16
0.7288155252362812,-0.5283622494715786,-0.5544873301529852,-0.6718212501066356,0.45164045066608577
-1.3720893221584447,-0.5283622494715786,-0.5544873301529852,-0.37409234540013764,0.45164045066608577
0.7288155252362812,-0.5283622494715786,0.21504218496583322,-0.7194578748596754,0.45164045066608577
0.7288155252362812,-0.5283622494715786,0.07242271483047887,0.4000028068367572,0.45164045066608577
0.7288155252362812,1.8926408936295354,-0.18408712354246062,-0.1359092216349392,0.45164045066608577
-1.3720893221584447,-0.5283622494715786,-0.5544873301529852,-0.469365594906217,0.45164045066608577
0.7288155252362812,-0.5283622494715786,-0.21733080276815359,-0.8147311243657547,0.45164045066608577
0.7288155252362812,1.8926408936295354,-0.03599544352181688,-0.612275469165336,0.45164045066608577
-1.3720893221584447,-0.5283622494715786,-0.5544873301529852,1.2931895209562512,0.45164045066608577
0.7288155252362812,1.8926408936295354,0.27865662488232223,-0.1835458463879789,0.45164045066608577
0.7288155252362812,-0.5283622494715786,-0.5544873301529852,0.4833669001545767,0.45164045066608577
-1.3720893221584447,1.8926408936295354,-0.5544873301529852,-1.1720058100135524,0.45164045066608577
0.7288155252362812,-0.5283622494715786,-0.5544873301529852,0.4833669001545767,0.45164045066608577
0.7288155252362812,-0.5283622494715786,0.28378682164978103,-0.4336381263414372,0.45164045066608577
0.7288155252362812,-0.5283622494715786,0.5570553027964192,0.13800137069503896,0.45164045066608577
0.7288155252362812,-0.5283622494715786,0.17810476824012994,0.3404570258954576,0.45164045066608577
0.7288155252362812,-0.5283622494715786,-0.11671053932983518,-0.3026374082705781,-2.410440607487535
0.7288155252362812,-0.5283622494715786,-0.5544873301529852,-1.0171867795661733,3.1775482891056816e-16
-1.3720893221584447,-0.5283622494715786,-0.5544873301529852,0.5667309934723961,0.45164045066608577
0.7288155252362812,1.8926408936295354,0.0012839863217169861,-0.39791065777665746,0.45164045066608577
0.7288155252362812,-0.5283622494715786,-0.5544873301529852,-0.8861860614953142,-2.410440607487535
0.7288155252362812,-0.5283622494715786,-0.2090540811440934,0.3404570258954576,0.45164045066608577
0.7288155252362812,-0.5283622494715786,-0.5544873301529852,-0.1240000654466793,0.45164045066608577
-1.3720893221584447,-0.5283622494715786,1.0351896415235784,0.18563799544807863,0.45164045066608577
-1.3720893221584447,-0.5283622494715786,-0.5544873301529852,-0.3621831892118777,0.45164045066608577
